class,feature,mean_abs_shap
DoS,count,2.0807437896728516
DoS,flag_S0,1.3741817474365234
DoS,dst_bytes,0.9345183372497559
DoS,src_bytes,0.38247978687286377
DoS,serror_rate,0.37842488288879395
DoS,srv_count,0.31401327252388
DoS,diff_srv_rate,0.2689071297645569
DoS,logged_in,0.2474246323108673
DoS,protocol_type_icmp,0.24370695650577545
DoS,dst_host_diff_srv_rate,0.22450844943523407
DoS,protocol_type_udp,0.18123604357242584
DoS,wrong_fragment,0.16273663938045502
DoS,rerror_rate,0.1433255672454834
DoS,flag_SF,0.13639529049396515
DoS,dst_host_same_src_port_rate,0.13400404155254364
DoS,service,0.12602075934410095
DoS,dst_host_same_srv_rate,0.12017856538295746
DoS,dst_host_srv_diff_host_rate,0.10367079079151154
DoS,same_srv_rate,0.10173789411783218
DoS,flag_REJ,0.08627447485923767
DoS,protocol_type_tcp,0.05754023417830467
DoS,srv_diff_host_rate,0.028587106615304947
DoS,dst_host_count,0.025117985904216766
DoS,hot,0.005607778672128916
DoS,duration,0.004456802736967802
DoS,land,0.0025912635028362274
DoS,flag_RSTR,0.0002012881013797596
DoS,flag_SH,0.0001899647177197039
DoS,flag_RSTO,1.37696815727395e-05
DoS,urgent,0.0
DoS,num_failed_logins,0.0
DoS,root_shell,0.0
DoS,su_attempted,0.0
DoS,num_root,0.0
DoS,num_file_creations,0.0
DoS,num_shells,0.0
DoS,num_access_files,0.0
DoS,is_host_login,0.0
DoS,is_guest_login,0.0
DoS,flag_OTH,0.0
DoS,flag_RSTOS0,0.0
DoS,flag_S1,0.0
DoS,flag_S2,0.0
DoS,flag_S3,0.0
Probe,src_bytes,1.7746398448944092
Probe,dst_host_diff_srv_rate,1.0263214111328125
Probe,flag_S0,0.8763362169265747
Probe,dst_bytes,0.5382897257804871
Probe,dst_host_same_srv_rate,0.4858194887638092
Probe,dst_host_same_src_port_rate,0.4305241107940674
Probe,protocol_type_icmp,0.3666665256023407
Probe,logged_in,0.3565031588077545
Probe,protocol_type_tcp,0.3521980345249176
Probe,service,0.3345494270324707
Probe,rerror_rate,0.28252607583999634
Probe,serror_rate,0.17322857677936554
Probe,diff_srv_rate,0.1700168401002884
Probe,protocol_type_udp,0.16584384441375732
Probe,dst_host_count,0.15457847714424133
Probe,duration,0.0808318555355072
Probe,count,0.07450072467327118
Probe,dst_host_srv_diff_host_rate,0.04673473909497261
Probe,flag_REJ,0.04237153008580208
Probe,same_srv_rate,0.03446388989686966
Probe,srv_count,0.034188009798526764
Probe,flag_RSTR,0.018370546400547028
Probe,flag_SF,0.007665274664759636
Probe,flag_RSTO,0.005574066657572985
Probe,srv_diff_host_rate,0.0038122928235679865
Probe,flag_RSTOS0,0.003480213927105069
Probe,num_failed_logins,0.0007778283325023949
Probe,num_file_creations,0.0005284384242258966
Probe,hot,0.0005215940764173865
Probe,wrong_fragment,0.0003249603614676744
Probe,num_root,0.0002399050717940554
Probe,flag_S1,0.0001618826063349843
Probe,flag_OTH,8.218776929425076e-05
Probe,flag_S2,1.8138616724172607e-06
Probe,land,0.0
Probe,urgent,0.0
Probe,root_shell,0.0
Probe,su_attempted,0.0
Probe,num_shells,0.0
Probe,num_access_files,0.0
Probe,is_host_login,0.0
Probe,is_guest_login,0.0
Probe,flag_S3,0.0
Probe,flag_SH,0.0
R2L,count,1.4100366830825806
R2L,src_bytes,1.4094501733779907
R2L,service,1.1655466556549072
R2L,logged_in,0.34602364897727966
R2L,dst_host_same_src_port_rate,0.27742788195610046
R2L,dst_host_same_srv_rate,0.26047593355178833
R2L,hot,0.22533056139945984
R2L,protocol_type_tcp,0.22206608951091766
R2L,duration,0.21106000244617462
R2L,dst_bytes,0.20658735930919647
R2L,dst_host_count,0.1991160660982132
R2L,num_failed_logins,0.14828544855117798
R2L,dst_host_srv_diff_host_rate,0.10250456631183624
R2L,srv_count,0.09783878177404404
R2L,is_guest_login,0.060978490859270096
R2L,dst_host_diff_srv_rate,0.05578088387846947
R2L,num_access_files,0.029256252571940422
R2L,flag_SF,0.028027938678860664
R2L,srv_diff_host_rate,0.02289014682173729
R2L,num_root,0.018158022314310074
R2L,same_srv_rate,0.011589756235480309
R2L,rerror_rate,0.011458272114396095
R2L,protocol_type_icmp,0.009212419390678406
R2L,serror_rate,0.007689995691180229
R2L,num_file_creations,0.007208343595266342
R2L,diff_srv_rate,0.004756715148687363
R2L,root_shell,0.004172648768872023
R2L,urgent,0.004015141632407904
R2L,flag_S0,0.003260320285335183
R2L,num_shells,0.003096142318099737
R2L,flag_RSTO,0.0029094130732119083
R2L,su_attempted,0.0009370202315039933
R2L,flag_SH,0.0006175720482133329
R2L,flag_REJ,0.0004876744351349771
R2L,wrong_fragment,3.859436765196733e-05
R2L,flag_S1,3.822970757028088e-05
R2L,land,0.0
R2L,is_host_login,0.0
R2L,protocol_type_udp,0.0
R2L,flag_OTH,0.0
R2L,flag_RSTOS0,0.0
R2L,flag_RSTR,0.0
R2L,flag_S2,0.0
R2L,flag_S3,0.0
U2R,service,1.7696833610534668
U2R,dst_bytes,1.7114773988723755
U2R,dst_host_count,0.8725301027297974
U2R,duration,0.6956666707992554
U2R,protocol_type_udp,0.46263399720191956
U2R,src_bytes,0.41309234499931335
U2R,dst_host_same_srv_rate,0.35004132986068726
U2R,dst_host_diff_srv_rate,0.2540009617805481
U2R,num_file_creations,0.22749634087085724
U2R,dst_host_srv_diff_host_rate,0.16572950780391693
U2R,logged_in,0.13782049715518951
U2R,num_root,0.12602727115154266
U2R,is_guest_login,0.12177252024412155
U2R,hot,0.09575729072093964
U2R,root_shell,0.07357918471097946
U2R,count,0.05623339116573334
U2R,srv_count,0.03371237963438034
U2R,dst_host_same_src_port_rate,0.02390623837709427
U2R,diff_srv_rate,0.022659961134195328
U2R,srv_diff_host_rate,0.015881575644016266
U2R,flag_SF,0.015013836324214935
U2R,protocol_type_tcp,0.014980935491621494
U2R,serror_rate,0.013156152330338955
U2R,same_srv_rate,0.012282907031476498
U2R,protocol_type_icmp,0.0024015980307012796
U2R,num_failed_logins,0.0019816835410892963
U2R,num_shells,0.0007337583228945732
U2R,su_attempted,0.0005191023228690028
U2R,num_access_files,0.0003164561640005559
U2R,flag_S1,6.273497274378315e-05
U2R,wrong_fragment,1.841790617618244e-05
U2R,urgent,1.1286932931398042e-05
U2R,land,0.0
U2R,is_host_login,0.0
U2R,rerror_rate,0.0
U2R,flag_OTH,0.0
U2R,flag_REJ,0.0
U2R,flag_RSTO,0.0
U2R,flag_RSTOS0,0.0
U2R,flag_RSTR,0.0
U2R,flag_S0,0.0
U2R,flag_S2,0.0
U2R,flag_S3,0.0
U2R,flag_SH,0.0
normal,src_bytes,2.013183832168579
normal,service,1.817842721939087
normal,dst_host_same_srv_rate,0.4116860330104828
normal,count,0.38511934876441956
normal,dst_bytes,0.3359019160270691
normal,dst_host_same_src_port_rate,0.29301685094833374
normal,hot,0.267367959022522
normal,dst_host_diff_srv_rate,0.17918790876865387
normal,srv_count,0.17843738198280334
normal,dst_host_count,0.15130071341991425
normal,dst_host_srv_diff_host_rate,0.14266732335090637
normal,serror_rate,0.14152351021766663
normal,duration,0.12180821597576141
normal,same_srv_rate,0.11827339977025986
normal,protocol_type_udp,0.1048305407166481
normal,diff_srv_rate,0.08549527078866959
normal,flag_SF,0.07600141316652298
normal,num_file_creations,0.0605878047645092
normal,protocol_type_icmp,0.055540598928928375
normal,protocol_type_tcp,0.046270664781332016
normal,rerror_rate,0.043871503323316574
normal,num_root,0.030851757153868675
normal,logged_in,0.026796206831932068
normal,srv_diff_host_rate,0.013161219656467438
normal,flag_S0,0.010707261972129345
normal,is_guest_login,0.009929259307682514
normal,flag_RSTR,0.008459342643618584
normal,flag_RSTO,0.0072532095946371555
normal,wrong_fragment,0.006942788138985634
normal,root_shell,0.006645834539085627
normal,flag_REJ,0.006313035264611244
normal,num_shells,0.0030486437026411295
normal,flag_S1,0.002263725735247135
normal,land,0.0012754501076415181
normal,num_failed_logins,0.001233606948517263
normal,num_access_files,0.0008618503343313932
normal,urgent,0.0005966898170299828
normal,su_attempted,0.0003462465538177639
normal,flag_SH,0.00013711258361581713
normal,flag_S2,1.4352313883136958e-05
normal,is_host_login,0.0
normal,flag_OTH,0.0
normal,flag_RSTOS0,0.0
normal,flag_S3,0.0
