feature,mean_abs_shap
src_bytes,1.1985695362091064
service,1.0427266359329224
count,0.8013271689414978
dst_bytes,0.7453539371490479
flag_S0,0.4528975486755371
dst_host_diff_srv_rate,0.34795960783958435
dst_host_same_srv_rate,0.32563936710357666
dst_host_count,0.28052857518196106
dst_host_same_src_port_rate,0.23177646100521088
logged_in,0.22291335463523865
duration,0.22276432812213898
protocol_type_udp,0.18290962278842926
serror_rate,0.14280450344085693
protocol_type_tcp,0.13861101865768433
protocol_type_icmp,0.135505810379982
srv_count,0.13163812458515167
hot,0.11891723424196243
dst_host_srv_diff_host_rate,0.11226099729537964
diff_srv_rate,0.11036702990531921
rerror_rate,0.09623613208532333
num_file_creations,0.059164341539144516
same_srv_rate,0.05566957965493202
flag_SF,0.052620891481637955
is_guest_login,0.038536153733730316
num_root,0.03505529463291168
wrong_fragment,0.034012261778116226
num_failed_logins,0.030455755069851875
flag_REJ,0.027089308947324753
root_shell,0.01687953993678093
srv_diff_host_rate,0.01686651073396206
num_access_files,0.006086914334446192
flag_RSTR,0.005406240001320839
flag_RSTO,0.0031501008197665215
num_shells,0.0013757206033915281
urgent,0.0009246293921023607
land,0.0007733426755294204
flag_RSTOS0,0.0006960370228625834
flag_S1,0.0005053160130046308
su_attempted,0.00036047512548975646
flag_SH,0.00018892920343205333
flag_OTH,1.6437867088825442e-05
flag_S2,3.233273673686199e-06
flag_S3,0.0
is_host_login,0.0
